RunType,Mean,Std
pyjama,25210.1684815680,156.9317032506
sequential,25173.0263959760,124.2860014125
pyjama,25170.2143880280,103.8644355834
sequential,25144.8106257880,210.5613890726
