RunType,Mean,Std
pyjama,48107.7787665640,314.9119115491
sequential,48008.8127430000,676.7234859033
pyjama,47570.9547939360,444.7458623485
sequential,46030.5516788120,667.8149000613
